,Id,Churn
0,0,0.03712521511712177
1,1,0.8369796565084456
2,2,0.6705633762213989
3,3,0.009682231175167196
4,4,0.0014742695782170654
5,5,0.1314434100087443
6,6,0.6022369583858566
7,7,0.27432392101969627
8,8,0.018765150963625545
9,9,0.37926191374381135
10,10,0.16720843288359263
11,11,0.11149427045397249
12,12,0.23453631849646833
13,13,0.08304720852896089
14,14,0.010762422105519557
15,15,0.0195428457322807
16,16,0.10403931803031549
17,17,0.28972963841115407
18,18,0.01967233645548362
19,19,0.030061063246855955
20,20,0.10136605858815001
21,21,0.00495822181479854
22,22,0.87189099393445
23,23,0.34258983700287454
24,24,0.13421422625749338
25,25,0.5067262750023332
26,26,0.08276085127930574
27,27,0.024517964036134786
28,28,0.01997951397761012
29,29,0.001219805452090327
30,30,0.29294865898412226
31,31,0.3903190074727426
32,32,0.8981496762231096
33,33,0.6628951274376851
34,34,0.05783782336666606
35,35,0.027097616390812623
36,36,0.7062598482400374
37,37,0.08181901156100507
38,38,0.07819273032420324
39,39,0.010101006953700514
40,40,0.3265708808513227
41,41,0.5602321026730218
42,42,0.3675657203218409
43,43,0.13781507032221035
44,44,0.22536972279990042
45,45,0.3386727555421454
46,46,0.11678702666543175
47,47,0.0613568789072974
48,48,0.37522412871780353
49,49,0.29060970368581357
50,50,0.26972248051934633
51,51,0.782684427241013
52,52,0.1766605237195597
53,53,0.11934232420353763
54,54,0.39223358897647653
55,55,0.007106072135684645
56,56,0.01878535472675231
57,57,0.8544429179762579
58,58,0.8432062446534592
59,59,0.06341674093695233
60,60,0.010093697023210292
61,61,0.6574750242658929
62,62,0.04549879621347027
63,63,0.08878064415888756
64,64,0.6989064101312085
65,65,0.0073327898336226684
66,66,0.38856932604597966
67,67,0.47289728682235554
68,68,0.006983428929308965
69,69,0.5485572780429141
70,70,0.5549597259258938
71,71,0.3569637214755406
72,72,0.04216658775904915
73,73,0.4573479220561193
74,74,0.9322939538543897
75,75,0.04134852348508814
76,76,0.06918190383802099
77,77,0.02364732940020985
78,78,0.2853151008894527
79,79,0.008302543099941653
80,80,0.45380842561548246
81,81,0.7448511294226472
82,82,0.766302308082169
83,83,0.40374448859116174
84,84,0.3482937337962497
85,85,0.04535496982619731
86,86,0.02689804047027043
87,87,0.4410432290736662
88,88,0.27009969726140126
89,89,0.3482937337962497
90,90,0.0628208017102807
91,91,0.15079273595155693
92,92,0.8181340271349254
93,93,0.9071338765008763
94,94,0.0013942694439877197
95,95,0.040236943440504255
96,96,0.15862315023784124
97,97,0.7427057963531486
98,98,0.32635015947577206
99,99,0.6757695900079059
100,100,0.024807188795596923
101,101,0.9537577274108208
102,102,0.0024600093353944062
103,103,0.7547668396060768
104,104,0.00187504024867248
105,105,0.8816747664162465
106,106,0.37010347142772804
107,107,0.08827195744510441
108,108,0.0037036569754861095
109,109,0.16593868978973145
110,110,0.07128460840937795
111,111,0.021467538049703524
112,112,0.5532294488331745
113,113,0.516274506062095
114,114,0.0019242672430238635
115,115,0.8845969336915775
116,116,0.011812737555995765
117,117,0.002578290687548343
118,118,0.018276732093948117
119,119,0.8117158495643002
120,120,0.10334438315997092
121,121,0.0392833053106553
122,122,0.24460036929215023
123,123,0.3595223325195786
124,124,0.44783633691577224
125,125,0.08345562934368649
126,126,0.7128044379830532
127,127,0.19338930559267895
128,128,0.18310051665644766
129,129,0.15491647356806762
130,130,0.09396999650814679
131,131,0.08231286524458531
132,132,0.005463068824019208
133,133,0.02837414303548577
134,134,0.3499622052498182
135,135,0.023658656852332968
136,136,0.018025640699464374
137,137,0.006295569211274965
138,138,0.049931261961483835
139,139,0.16243103681136278
140,140,0.030822695038120705
141,141,0.008579093806932434
142,142,0.11645970505076086
143,143,0.029420342732013233
144,144,0.24352007900543896
145,145,0.11251400708406001
146,146,0.31046310179180453
147,147,0.006048063080017402
148,148,0.007669656873907734
149,149,0.7454194705481975
150,150,0.010594161837667605
151,151,0.5763448691419351
152,152,0.23428596466852458
153,153,0.026808643183183146
154,154,0.27426366239851324
155,155,0.9170544510159124
156,156,0.04165211743620365
157,157,0.06779574479075924
158,158,0.03044948190264989
159,159,0.09454720827810115
160,160,0.21432810863878624
161,161,0.6935404131594916
162,162,0.05459493393471909
163,163,0.00721602813156243
164,164,0.586190326412194
165,165,0.05817735379316417
166,166,0.025605856631195374
167,167,0.1300888765725063
168,168,0.014198779856990933
169,169,0.5210128891547656
170,170,0.9258408225869365
171,171,0.014449879773498679
172,172,0.5857670783309274
173,173,0.475256774883684
174,174,0.0927791426784641
175,175,0.41595787615178803
176,176,0.04759648513901746
177,177,0.018578756830494432
178,178,0.01902506721993766
179,179,0.7668594373388874
180,180,0.19468246540228315
181,181,0.04713181958152899
182,182,0.026644993577477096
183,183,0.11852317138133929
184,184,0.2341023157455827
185,185,0.010609307067583142
186,186,0.10533084561786961
187,187,0.008906071116638643
188,188,0.027338468331392016
189,189,0.0147543227902386
190,190,0.008634655094298425
191,191,0.0041092825635064625
192,192,0.3394677347764751
193,193,0.020173173214737022
194,194,0.4563480094205312
195,195,0.16164795632238432
196,196,0.018267205282331913
197,197,0.244072909653295
198,198,0.39501895859522357
199,199,0.7080864764605196
200,200,0.531965450456743
201,201,0.7002374664780231
202,202,0.18082042420722563
203,203,0.7864598624815154
204,204,0.14541700665930055
205,205,0.005538175107915501
206,206,0.04257708533745792
207,207,0.7923364108385258
208,208,0.38353652833424545
209,209,0.31467329428856755
210,210,0.2408226754762005
211,211,0.03785310013835418
212,212,0.5785990394952899
213,213,0.01818716137460277
214,214,0.014988165912257469
215,215,0.6717115142473654
216,216,0.933469167038303
217,217,0.864882765317118
218,218,0.1206257992290026
219,219,0.3501803739292723
220,220,0.5384649122643801
221,221,0.02333574767796993
222,222,0.06821042545586074
223,223,0.23264201412340121
224,224,0.003881387430754467
225,225,0.5783287295095794
226,226,0.21201680592163358
227,227,0.1088190907717889
228,228,0.5895943758964184
229,229,0.38277852024410625
230,230,0.004291453603920876
231,231,0.006892624389265489
232,232,0.15321573774556846
233,233,0.002658311921985184
234,234,0.02416648639788685
235,235,0.011306100274527725
236,236,0.9015971667715178
237,237,0.2765306937546122
238,238,0.06436990156415176
239,239,0.4594263268047794
240,240,0.30556137586991156
241,241,0.01870106456865771
242,242,0.09483731474030772
243,243,0.4066770400881898
244,244,0.01613543361219161
245,245,0.3323563290856839
246,246,0.007454810420114869
247,247,0.0017638350611432264
248,248,0.10272518924551087
249,249,0.010064994068066511
250,250,0.0007863811910246578
251,251,0.02927753992005193
252,252,0.1372250996914569
253,253,0.4663088846688431
254,254,0.3313040426028106
255,255,0.5836696873959861
256,256,0.06553861573138252
257,257,0.1452990119794936
258,258,0.10864685479801417
259,259,0.551506683821214
260,260,0.11352310858921708
261,261,0.2260591868593205
262,262,0.1613188256583157
263,263,0.4405637135745586
264,264,0.6206029604099191
265,265,0.5624008977042642
266,266,0.8032274924984995
267,267,0.18576967499362215
268,268,0.30127080619971686
269,269,0.1250470329500906
270,270,0.0034279872357614828
271,271,0.0029540781248157794
272,272,0.3375296379071902
273,273,0.5789557730598951
274,274,0.012055266126023806
275,275,0.33542753347119586
276,276,0.005754527297341118
277,277,0.10826763833659682
278,278,0.11216980332243177
279,279,0.011151506804895898
280,280,0.5968462144282348
281,281,0.08230036358343647
282,282,0.6795230876323257
283,283,0.001092385930333843
284,284,0.17567427824458812
285,285,0.006984678491822277
286,286,0.005837537371734459
287,287,0.004251624796889945
288,288,0.05312785037185595
289,289,0.6567122657457154
290,290,0.38990447332622274
291,291,0.6243298491008542
292,292,0.043721383000564384
293,293,0.43538310664433266
294,294,0.39740594917787564
295,295,0.03419841202532822
296,296,0.09917226354206858
297,297,0.6103230235319744
298,298,0.0014693849213464232
299,299,0.23144183154699466
300,300,0.016538042101668902
301,301,0.08153854648228748
302,302,0.028709111731624624
303,303,0.8224362579747138
304,304,0.00684960546219042
305,305,0.14066088390804088
306,306,0.5062218046850615
307,307,0.6997160650368397
308,308,0.6939634332504451
309,309,0.9055348030469289
310,310,0.020710904573543527
311,311,0.0017981839566137572
312,312,0.12251959474776065
313,313,0.013139087650669462
314,314,0.30345720049442565
315,315,0.911461092879028
316,316,0.05632970072843872
317,317,0.23942847431548633
318,318,0.6875004291327542
319,319,0.6387703922772061
320,320,0.4571612122349459
321,321,0.42714627687233736
322,322,0.4200185112211739
323,323,0.14669438746535568
324,324,0.017439408785477152
325,325,0.8297237057988752
326,326,0.007299588748384112
327,327,0.19641025936612252
328,328,0.00115709359231298
329,329,0.369174140741096
330,330,0.10848646998880197
331,331,0.2307044713309081
332,332,0.26221633250673476
333,333,0.159129686496824
334,334,0.6932042552500889
335,335,0.07511897398250537
336,336,0.015509144990500724
337,337,0.23466558060772053
338,338,0.020420997743798283
339,339,0.016436923911666693
340,340,0.48109115253779694
341,341,0.24665357350853537
342,342,0.06549124502024471
343,343,0.17885898735623484
344,344,0.005496747288692517
345,345,0.010101006953700514
346,346,0.5540447356278064
347,347,0.6104196227266026
348,348,0.00470171463191171
349,349,0.34447595805781916
350,350,0.03988293160169122
351,351,0.022685176545327507
352,352,0.2555976208555286
353,353,0.07365480470185141
354,354,0.49659067569639137
355,355,0.009418155283816648
356,356,0.6356807182614622
357,357,0.47769949360444963
358,358,0.7157193588308948
359,359,0.6999115741794067
360,360,0.2158510695629566
361,361,0.00467943758652046
362,362,0.3502862734440039
363,363,0.08681362384064584
364,364,0.18842904319704573
365,365,0.004934656398511952
366,366,0.026973497518399888
367,367,0.20183564161369605
368,368,0.0943153162931198
369,369,0.09605892464408744
370,370,0.031539847560893695
371,371,0.18103758525112582
372,372,0.017556276323105795
373,373,0.8112623927987804
374,374,0.004916159764486238
375,375,0.0684386376564732
376,376,0.2708417344778749
377,377,0.1317891377427076
378,378,0.7774860150184961
379,379,0.5779748814625782
380,380,0.20868514150857295
381,381,0.020997210404537538
382,382,0.01816908734662628
383,383,0.391885294491464
384,384,0.2693411845124359
385,385,0.6009129404029361
386,386,0.5605407532993121
387,387,0.0072026385658964295
388,388,0.0013972219412612763
389,389,0.002640233804011625
390,390,0.7609117242155397
391,391,0.010081651542123106
392,392,0.7549711653966942
393,393,0.38153176493781793
394,394,0.06861768418333361
395,395,0.5190035776068951
396,396,0.010101006953700514
397,397,0.038890051395172515
398,398,0.06523660544308539
399,399,0.014117015410682462
400,400,0.5246574957174268
401,401,0.0657785220745418
402,402,0.0048327256769911025
403,403,0.12370110792432
404,404,0.014944567188421146
405,405,0.5427719526604649
406,406,0.5719842956327243
407,407,0.24616409206952372
408,408,0.31391972373599536
409,409,0.007773668798536817
410,410,0.05033351954131506
411,411,0.04575803498594231
412,412,0.5399553957533343
413,413,0.5218093170277845
414,414,0.38685088275070484
415,415,0.09921932048870247
416,416,0.00923288370628102
417,417,0.2987624588655599
418,418,0.05286295099502155
419,419,0.07433111025637858
420,420,0.4638146459003907
421,421,0.15734063254014957
422,422,0.41374055418107875
423,423,0.0900056412370651
424,424,0.09297516684267526
425,425,0.7828690157054201
426,426,0.0917157743549647
427,427,0.0694302107143803
428,428,0.8995567252810743
429,429,0.1809775679535946
430,430,0.026560978464977347
431,431,0.024401350652452282
432,432,0.578189179329906
433,433,0.7703566303757198
434,434,0.5800021524971599
435,435,0.6615004797116503
436,436,0.0027755241021892095
437,437,0.02139220558541224
438,438,0.12239838831767862
439,439,0.3223963743146914
440,440,0.06922423762749111
441,441,0.17589114354343624
442,442,0.26286313259134786
443,443,0.03289097665933361
444,444,0.2760469874971485
445,445,0.004151908322174457
446,446,0.022030362501417877
447,447,0.06185261742017739
448,448,0.3149115351420279
449,449,0.016442669993581308
450,450,0.48959082197056875
451,451,0.4141929181228652
452,452,0.00349164540201499
453,453,0.525817009502541
454,454,0.04388051800725121
455,455,0.12577578398144432
456,456,0.14780088804670966
457,457,0.0025620520068802724
458,458,0.018051103901477412
459,459,0.06879986365126546
460,460,0.27273165333982624
461,461,0.0038419339513648646
462,462,0.010809842242322102
463,463,0.01224555436623035
464,464,0.5898424894385814
465,465,0.3990017988052939
466,466,0.006553453211696515
467,467,0.6821113193226381
468,468,0.1963297653558403
469,469,0.023323157223778757
470,470,0.3989043686583405
471,471,0.4855281257452477
472,472,0.3769349041106554
473,473,0.1650836729321673
474,474,0.2694690269566979
475,475,0.03309583213313681
476,476,0.7695696254581865
477,477,0.03972550579506479
478,478,0.05028660667415168
479,479,0.2140014979163903
480,480,0.1441119152514377
481,481,0.015724786272351653
482,482,0.3395283302244991
483,483,0.5738764780349915
484,484,0.030050263530130437
485,485,0.34630307867364557
486,486,0.33822548949170766
487,487,0.21336743892187118
488,488,0.006599222844947571
489,489,0.051838073793772775
490,490,0.8952240663155513
491,491,0.6955277760971235
492,492,0.1744584107340965
493,493,0.0832563514807459
494,494,0.05690392076487704
495,495,0.011736195108138142
496,496,0.03476544360351308
497,497,0.027738681156020246
498,498,0.4096396235331389
499,499,0.05745132550412603
500,500,0.7809977459504823
501,501,0.009194190039282657
502,502,0.18613076668716824
503,503,0.332856318799915
504,504,0.4160187525016382
505,505,0.008046839232464065
506,506,0.053851623365375884
507,507,0.18814228889378135
508,508,0.6151623566482446
509,509,0.0668051420909311
510,510,0.7912279678357944
511,511,0.3358024633613941
512,512,0.6604885917422937
513,513,0.28548595582092967
514,514,0.09829750390121185
515,515,0.03267167778184118
516,516,0.2020231795492037
517,517,0.9347966439022679
518,518,0.3608485146116017
519,519,0.0034149361679581083
520,520,0.43062122298092725
521,521,0.010056223872120016
522,522,0.006534265073766197
523,523,0.1515632782730565
524,524,0.933469167038303
525,525,0.10130833332980904
526,526,0.25156861160431404
527,527,0.13457792253745796
528,528,0.5558478475874861
529,529,0.06636792612151403
530,530,0.029822612454724114
531,531,0.038602085042452786
532,532,0.16568693182984456
533,533,0.2760983837090636
534,534,0.8938000224466716
535,535,0.6644662852973735
536,536,0.40268388594567495
537,537,0.06806990909396798
538,538,0.38043352831815347
539,539,0.07755939678930647
540,540,0.6538293079286684
541,541,0.701957059962183
542,542,0.12766619317994218
543,543,0.0708366603043382
544,544,0.09050691374146076
545,545,0.22963334248572637
546,546,0.36255454205138776
547,547,0.04390531862660974
548,548,0.2682992829041983
549,549,0.05167800763142633
550,550,0.0633965007371788
551,551,0.026159247376862475
552,552,0.008303394957901817
553,553,0.24018868625294032
554,554,0.073729908100312
555,555,0.08971217220421257
556,556,0.8954122494609278
557,557,0.6996189212234316
558,558,0.13561348704833856
559,559,0.1596301509859792
560,560,0.2598135871895164
561,561,0.004869976028139455
562,562,0.016448281040450385
563,563,0.007578837620544074
564,564,0.15211884366654924
565,565,0.3043690494895494
566,566,0.6923109311143482
567,567,0.1999774378346546
568,568,0.7418905445688911
569,569,0.04274101871303244
570,570,0.0021692171859427453
571,571,0.700976094459165
572,572,0.6145034554403267
573,573,0.20060942803700899
574,574,0.0072309467917221785
575,575,0.35304442412207016
576,576,0.18615547075165614
577,577,0.5990880751303997
578,578,0.6037954882501972
579,579,0.9050544018825952
580,580,0.012250569182030812
581,581,0.4744816250570671
582,582,0.00147365381838709
583,583,0.01180699062537071
584,584,0.22782394431283934
585,585,0.008220348058703175
586,586,0.08738754920967515
587,587,0.08650101621520326
588,588,0.7442424197439845
589,589,0.351492966706278
590,590,0.9808952988136449
591,591,0.03815907300438822
592,592,0.5565256244710286
593,593,0.025631814406108247
594,594,0.3772481214245852
595,595,0.6332972000942455
596,596,0.00232442750964101
597,597,0.48963813915256066
598,598,0.563638643034004
599,599,0.0468806353693021
600,600,0.0014342457389268167
601,601,0.11124434832961558
602,602,0.10804901211280621
603,603,0.635078112685217
604,604,0.018717582867615046
605,605,0.2809304552014851
606,606,0.18193919807921788
607,607,0.6745373973260765
608,608,0.06594298691456293
609,609,0.1447800926585568
610,610,0.6472716310473949
611,611,0.19778800662931903
612,612,0.3091774252078958
613,613,0.12984141542040736
614,614,0.021359078073225703
615,615,0.0062350220344238325
616,616,0.5614042007420847
617,617,0.17255031393894787
618,618,0.00608588951324684
619,619,0.11131367259265992
620,620,0.06821667680012715
621,621,0.26336191937180903
622,622,0.7427057963531486
623,623,0.8570397804645946
624,624,0.026800051785505877
625,625,0.05091808400072191
626,626,0.007183304724130703
627,627,0.013090128826139729
628,628,0.7518848244944694
629,629,0.15968063472571545
630,630,0.6111147101847295
631,631,0.04303302330300258
632,632,0.6248325546591239
633,633,0.01716719929777377
634,634,0.48323760135242544
635,635,0.013869587127649845
636,636,0.06409006014189081
637,637,0.13131951788533056
638,638,0.13422862324151155
639,639,0.4991706152041518
640,640,0.8882683538289156
641,641,0.06929750595134093
642,642,0.053294700638902966
643,643,0.08674581277963554
644,644,0.588310015549889
645,645,0.02924820491273146
646,646,0.1108522650324139
647,647,0.0849277438563003
648,648,0.003173497579177057
649,649,0.028206677350630555
650,650,0.024869484150313256
651,651,0.7332509711385835
652,652,0.02697550949276571
653,653,0.3277204162897603
654,654,0.2983030285917124
655,655,0.5000281343339323
656,656,0.07135163235189938
657,657,0.06218783271453992
658,658,0.006435182052880999
659,659,0.3230433363558823
660,660,0.05878324771424668
661,661,0.03116311841524548
662,662,0.43847700943656825
663,663,0.20055426589750686
664,664,0.033290154633501046
665,665,0.7701575754162873
666,666,0.94832247829865
667,667,0.13122672399242655
668,668,0.028770702153494428
669,669,0.004706074132614471
670,670,0.016031004710321334
671,671,0.6707951294127382
672,672,0.7588388387576427
673,673,0.2699219990446331
674,674,0.8459451821703274
675,675,0.13460178501884013
676,676,0.007157542761001465
677,677,0.20241158494680073
678,678,0.23750419833807798
679,679,0.7408938248656245
680,680,0.43078071007777813
681,681,0.2566948324235391
682,682,0.003683969025361309
683,683,0.4183766731779558
684,684,0.05575662368327878
685,685,0.285800835251432
686,686,0.018962867876643377
687,687,0.006515650137223449
688,688,0.2420478174541407
689,689,0.1305891876245255
690,690,0.5946821709998086
691,691,0.9647774206165464
692,692,0.4989048141639935
693,693,0.22840989973592551
694,694,0.006380807666971592
695,695,0.6002679415736479
696,696,0.21398987448867732
697,697,0.0013134056550240289
698,698,0.02176080455906559
699,699,0.1146696819541824
700,700,0.04275970260428341
701,701,0.15841295916018172
702,702,0.12964557717403533
703,703,0.09655703579860589
704,704,0.9357083228933055
705,705,0.015456004821913552
706,706,0.017418209064233442
707,707,0.7631664700620885
708,708,0.010204712199994647
709,709,0.05854823791789862
710,710,0.015021340038653463
711,711,0.29256072356602364
712,712,0.21111494056548122
713,713,0.32142232741260324
714,714,0.14280297981012513
715,715,0.10555237330006192
716,716,0.8615966661437046
717,717,0.009629967930449184
718,718,0.5727603623756559
719,719,0.9118204647265874
720,720,0.11877430460980727
721,721,0.17189296708232027
722,722,0.16836200823214495
723,723,0.484755914459789
724,724,0.07855775183531942
725,725,0.7480489884590714
726,726,0.011463652674931797
727,727,0.4501905142293167
728,728,0.2512436526562538
729,729,0.022245599293543434
730,730,0.004668665562062217
731,731,0.7406718633209739
732,732,0.006467612745896244
733,733,0.016004209868259678
734,734,0.019377365793021867
735,735,0.4729642880951609
736,736,0.009165739632328035
737,737,0.2046136390783528
738,738,0.4870561085555913
739,739,0.4194990841379759
740,740,0.3379494472691531
741,741,0.380130672192694
742,742,0.26459741624865957
743,743,0.38959549865648585
744,744,0.1252032266475851
745,745,0.31300066069759735
746,746,0.07335068187401352
747,747,0.4145516541754844
748,748,0.003202166168757138
749,749,0.4281756898316634
750,750,0.3172215769914899
751,751,0.021143660055584466
752,752,0.05815595428510064
753,753,0.11484721328893854
754,754,0.47697901643811347
755,755,0.07626806531561157
756,756,0.2115465009034113
757,757,0.474467106069103
758,758,0.04535314797179488
759,759,0.6338763666797738
760,760,0.29823255435969975
761,761,0.7900286569742365
762,762,0.8399993462123693
763,763,0.11336769475468016
764,764,0.12436261591681542
765,765,0.20635538362700687
766,766,0.6679605153509378
767,767,0.01438946284793601
768,768,0.1837898467105656
769,769,0.4526852174628407
770,770,0.631924519395993
771,771,0.010498977754455768
772,772,0.7483605024025994
773,773,0.12727292796272796
774,774,0.6227975615117588
775,775,0.12785289818115939
776,776,0.023864134730810848
777,777,0.5728948156800382
778,778,0.035460649608026015
779,779,0.6283022113115825
780,780,0.10423568824058953
781,781,0.5008805047437475
782,782,0.6055299081714766
783,783,0.4809301336985691
784,784,0.003318043562952244
785,785,0.48362584128606045
786,786,0.1547921164871542
787,787,0.20105738094767261
788,788,0.5419974772053956
789,789,0.019157749650794576
790,790,0.42371325971384954
791,791,0.702995397557873
792,792,0.039541452936264175
793,793,0.4958727916745653
794,794,0.6632714764631513
795,795,0.49655906902969055
796,796,0.35892992583666977
797,797,0.006710571146596051
798,798,0.03992745443824353
799,799,0.05352823578967892
800,800,0.23922145105924375
801,801,0.5127063494303676
802,802,0.02481858640532096
803,803,0.7960463133222294
804,804,0.0019900094929469706
805,805,0.19678175491940847
806,806,0.001186885518173638
807,807,0.6481496800909529
808,808,0.102506487022579
809,809,0.20588739187898317
810,810,0.16603039463801972
811,811,0.2350065170416226
812,812,0.37174401845679084
813,813,0.17693176806155694
814,814,0.03568465785591187
815,815,0.7064357095670061
816,816,0.05881844511287002
817,817,0.2340246774145806
818,818,0.019191879621493813
819,819,0.04262360946282253
820,820,0.03204433738184297
821,821,0.8717459731991164
822,822,0.005236687594631728
823,823,0.03605616727027932
824,824,0.05645433919546408
825,825,0.022030873290608974
826,826,0.009413105415775077
827,827,0.5803655885372224
828,828,0.8156989071688469
829,829,0.7988953658331317
830,830,0.9565240072694475
831,831,0.8882683538289156
832,832,0.2763885805071643
833,833,0.33389308813520624
834,834,0.22909408738491746
835,835,0.3981978159415965
836,836,0.055976806406284295
837,837,0.8178930163639399
838,838,0.27079937221115397
839,839,0.18826352555688483
840,840,0.448471877814818
841,841,0.3523545752554823
842,842,0.052998146705134246
843,843,0.20834489867625125
844,844,0.015068886556486341
845,845,0.4547089434683439
846,846,0.6411057224510939
847,847,0.8627543991274771
848,848,0.018156800328872964
849,849,0.2873542148438593
850,850,0.37496175982450464
851,851,0.06592916760553676
852,852,0.02556437205028806
853,853,0.21689047969224778
854,854,0.22596038670858945
855,855,0.03736171416886883
856,856,0.4639779700562387
857,857,0.11697219026432083
858,858,0.6192155242931464
859,859,0.00829521323098131
860,860,0.45338326862642114
861,861,0.1467899956040399
862,862,0.04055083474109754
863,863,0.6303770242732727
864,864,0.20140965401819766
865,865,0.008013894409365325
866,866,0.016616258314063728
867,867,0.47016404184085414
868,868,0.16568381070316515
869,869,0.4003022833526334
870,870,0.7031260516412832
871,871,0.08712558964679684
872,872,0.07018410299101904
873,873,0.41109056666094057
874,874,0.6843573224524233
875,875,0.42025275959331493
876,876,0.22465107300392298
877,877,0.05580652421202653
878,878,0.015654647420378486
879,879,0.07668054321568979
880,880,0.08450595723733369
881,881,0.056313439658428395
882,882,0.004741517540884524
883,883,0.8322778848685952
884,884,0.040658349674511866
885,885,0.2890365732900967
886,886,0.2561635959082099
887,887,0.02350193321769976
888,888,0.06810477748887005
889,889,0.20248316695547708
890,890,0.2183692556211791
891,891,0.03186185829505924
892,892,0.005581127000527702
893,893,0.7057986107871229
894,894,0.027246453302003745
895,895,0.008091609912838481
896,896,0.03685834859624248
897,897,0.37591292648036373
898,898,0.1508533562246044
899,899,0.7586018996815842
900,900,0.005106705824069841
901,901,0.2889212123259172
902,902,0.2844631138378135
903,903,0.04242920284326166
904,904,0.15331815238016835
905,905,0.0047799977354498185
906,906,0.36757971490419705
907,907,0.0014293031679616117
908,908,0.055976498104214865
909,909,0.9233788607834709
910,910,0.01960959431560478
911,911,0.02181415993117988
912,912,0.0075111990343606425
913,913,0.6307219677658464
914,914,0.07936164801307034
915,915,0.03397203955581555
916,916,0.7381830293999686
917,917,0.3519971255746108
918,918,0.34416459491834905
919,919,0.7542475084121619
920,920,0.06187908335107097
921,921,0.9162044102372787
922,922,0.14813309402365069
923,923,0.056574538887362615
924,924,0.4890520869558107
925,925,0.10740522849633159
926,926,0.08289371298909957
927,927,0.291367635508723
928,928,0.11536090226078195
929,929,0.12754320555436297
930,930,0.8448933877902842
931,931,0.47580312646997835
932,932,0.8144464787485506
933,933,0.02504086765900203
934,934,0.12307152710989216
935,935,0.04303080812533679
936,936,0.0025583366015039088
937,937,0.32149001538703104
938,938,0.08872658156386089
939,939,0.031341093768658346
940,940,0.000711209838177708
941,941,0.7366820330460241
942,942,0.5981447595286887
943,943,0.0019564310531743332
944,944,0.08552400722010832
945,945,0.7399618963357648
946,946,0.330407138467027
947,947,0.013684320480144877
948,948,0.09349642479361957
949,949,0.4450274991654667
950,950,0.601909631015203
951,951,0.04060771059438689
952,952,0.3442693113023514
953,953,0.27093522035299744
954,954,0.1977014646190716
955,955,0.20328261904509484
956,956,0.20153627459137283
957,957,0.4684014188144829
958,958,0.01127622477541196
959,959,0.2148142661086545
960,960,0.32478854154462794
961,961,0.24223893325083434
962,962,0.12605333399859187
963,963,0.01624566800323288
964,964,0.4707372526377661
965,965,0.7910830857921866
966,966,0.25213754160975593
967,967,0.004527811741484143
968,968,0.07249908903708657
969,969,0.048937554858905274
970,970,0.013479727759846327
971,971,0.014330793218667906
972,972,0.2736346638818873
973,973,0.03115935608410548
974,974,0.005415604165292913
975,975,0.4742810599371405
976,976,0.12411785668580502
977,977,0.07972121277193026
978,978,0.2913497300291699
979,979,0.03963635876237329
980,980,0.8695505176443076
981,981,0.14002948784587985
982,982,0.20142671906339052
983,983,0.0027686098314237215
984,984,0.5602053438855279
985,985,0.057368747423133554
986,986,0.04937554773879804
987,987,0.5843801721755045
988,988,0.303468218482667
989,989,0.0345888056606702
990,990,0.7784552542281463
991,991,0.5891623202999868
992,992,0.19932065115417003
993,993,0.0960843764467359
994,994,0.5476458366076237
995,995,0.4438152698090808
996,996,0.2197257356430231
997,997,0.0013352657128567118
998,998,0.8290571309215086
999,999,0.006050647117768158
1000,1000,0.01418106441483136
1001,1001,0.21057173584393307
1002,1002,0.3316833535267686
1003,1003,0.12255148443163953
1004,1004,0.401067141013962
1005,1005,0.0040598737623022555
1006,1006,0.009170219201272785
1007,1007,0.035427790743177
1008,1008,0.06552297900306567
1009,1009,0.18252745892787667
1010,1010,0.6791051850877862
1011,1011,0.25855546837460675
1012,1012,0.11456535410338968
1013,1013,0.11439480124258583
1014,1014,0.08631050297365796
1015,1015,0.006672592944149067
1016,1016,0.002884504415102184
1017,1017,0.07442548425004607
1018,1018,0.5317588655544365
1019,1019,0.7253307137538286
1020,1020,0.6439147372033884
1021,1021,0.008410273617964328
1022,1022,0.05098054371868857
1023,1023,0.01119377329335775
1024,1024,0.046390799254354353
1025,1025,0.8725575649868703
1026,1026,0.3597758853163462
1027,1027,0.04839954438613707
1028,1028,0.04047219354757811
1029,1029,0.844229509150673
1030,1030,0.30540673839116855
1031,1031,0.0023184414381943923
1032,1032,0.046456355606016776
1033,1033,0.05653298137507299
1034,1034,0.05806702362317957
1035,1035,0.6068063877665768
1036,1036,0.620832690568147
1037,1037,0.11358267282369973
1038,1038,0.36332030444565494
1039,1039,0.006543570965897317
1040,1040,0.5179074204036346
1041,1041,0.2724022850725138
1042,1042,0.34542190528756167
1043,1043,0.0053252648682771235
1044,1044,0.032054719671062694
1045,1045,0.005173113989649911
1046,1046,0.0038232004330200037
1047,1047,0.17186936238291664
1048,1048,0.8376488372904657
1049,1049,0.034702318881888336
1050,1050,0.1430341104120386
1051,1051,0.12625240169673688
1052,1052,0.047053563043234194
1053,1053,0.026069648477932326
1054,1054,0.0067454325219618435
1055,1055,0.02929505140751057
1056,1056,0.07460208869118791
1057,1057,0.06585853927944858
1058,1058,0.14831915049045294
1059,1059,0.5621839938569271
1060,1060,0.4952560835970364
1061,1061,0.06333052725476827
1062,1062,0.07040697676135223
1063,1063,0.016394575938322355
1064,1064,0.11251708300458524
1065,1065,0.2797958659586674
1066,1066,0.018763452993609257
1067,1067,0.15506766793078128
1068,1068,0.008144035108653051
1069,1069,0.001719151505357046
1070,1070,0.04531648709741206
1071,1071,0.06667755597022851
1072,1072,0.11458743850217937
1073,1073,0.19448001451209002
1074,1074,0.018828523597756816
1075,1075,0.006887292908564032
1076,1076,0.03533074004381083
1077,1077,0.4686891350473563
1078,1078,0.05567608175039275
1079,1079,0.6228353479940183
1080,1080,0.006539555664222787
1081,1081,0.8683504098906273
1082,1082,0.4523569300506552
1083,1083,0.01577158005602233
1084,1084,0.6794270159832103
1085,1085,0.29159907293099935
1086,1086,0.5100789670143354
1087,1087,0.030594869311504378
1088,1088,0.6496798780565965
1089,1089,0.8893997593160966
1090,1090,0.14529911110427313
1091,1091,0.5077237897401417
1092,1092,0.009016532174673056
1093,1093,0.6246598152074282
1094,1094,0.15021802555955802
1095,1095,0.05017029846492445
1096,1096,0.01010057668790482
1097,1097,0.12936814916619852
1098,1098,0.26351724691006895
1099,1099,0.18109867871519436
1100,1100,0.6937019791255005
1101,1101,0.2855521990144539
1102,1102,0.07410258023434046
1103,1103,0.0066665951176109245
1104,1104,0.015934665268597163
1105,1105,0.11905335366268117
1106,1106,0.013875383860263706
1107,1107,0.016213137574054216
1108,1108,0.002385330673622169
1109,1109,0.1922041964650206
1110,1110,0.6766946465502808
1111,1111,0.02403502080157047
1112,1112,0.001483573795192382
1113,1113,0.13122646288616793
1114,1114,0.03997092337010175
1115,1115,0.43038427340417784
1116,1116,0.19279983836760622
1117,1117,0.0963122932017361
1118,1118,0.015843723358343224
1119,1119,0.08904348651129808
1120,1120,0.058782799497246685
1121,1121,0.30855939066588534
1122,1122,0.382498683903376
1123,1123,0.3755442143490858
1124,1124,0.006642474199624301
1125,1125,0.012258273133913861
1126,1126,0.3507915907815673
1127,1127,0.5183868264552564
1128,1128,0.17016204117326916
1129,1129,0.29450858997063506
1130,1130,0.33686790505556535
1131,1131,0.006863506778647025
1132,1132,0.0648349919895434
1133,1133,0.07893993375994385
1134,1134,0.7884329174832836
1135,1135,0.6383992337106102
1136,1136,0.003201166804206805
1137,1137,0.01673743973402058
1138,1138,0.458829772778907
1139,1139,0.004130930559052432
1140,1140,0.6356615731322239
1141,1141,0.5910971613406226
1142,1142,0.07083483437868261
1143,1143,0.0424659214660941
1144,1144,0.5888748479282669
1145,1145,0.3496866532423042
1146,1146,0.10835198340705815
1147,1147,0.10661287212120718
1148,1148,0.005982633012515693
1149,1149,0.02232853775885364
1150,1150,0.3656254470302248
1151,1151,0.26078895798845453
1152,1152,0.7177885266335755
1153,1153,0.004255708039737464
1154,1154,0.08676747749629621
1155,1155,0.04286809508384755
1156,1156,0.0017010234435131753
1157,1157,0.19964456498303546
1158,1158,0.4905459962177106
1159,1159,0.9244297531628954
1160,1160,0.003924680183155939
1161,1161,0.21364753278866067
1162,1162,0.32700956820471766
1163,1163,0.1966908336958085
1164,1164,0.016964730108736052
1165,1165,0.7554150488102407
1166,1166,0.14102285238900136
1167,1167,0.007031135635946687
1168,1168,0.17361453718781986
1169,1169,0.0011776365894648538
1170,1170,0.03812428999087866
1171,1171,0.008816845656653862
1172,1172,0.13446818281536194
1173,1173,0.02016286643626225
1174,1174,0.1282133918760776
1175,1175,0.5168426927186784
1176,1176,0.20653499227829494
1177,1177,0.03007114006896756
1178,1178,0.4268193213024892
1179,1179,0.07580061419233308
1180,1180,0.03959818384431611
1181,1181,0.007512247249454996
1182,1182,0.1937690974988591
1183,1183,0.041912185168151636
1184,1184,0.052464676381860344
1185,1185,0.09957273918204348
1186,1186,0.529954591012532
1187,1187,0.611501831334164
1188,1188,0.0006439995497775375
1189,1189,0.17063890061526132
1190,1190,0.03730599029935567
1191,1191,0.012776946321340337
1192,1192,0.2595266115175419
1193,1193,0.29763451198623553
1194,1194,0.49034048903853095
1195,1195,0.061949004202823496
1196,1196,0.1816598102880714
1197,1197,0.05427085139882873
1198,1198,0.026059241419698346
1199,1199,0.19465419239902162
1200,1200,0.06378923617232674
1201,1201,0.017139095917052996
1202,1202,0.021129353873860363
1203,1203,0.564748792536718
1204,1204,0.24078855040064207
1205,1205,0.15604294411322034
1206,1206,0.4572717203865608
1207,1207,0.06497672138574695
1208,1208,0.3141723244449936
1209,1209,0.09956921017152785
1210,1210,0.4213743496899345
1211,1211,0.04695470747055978
1212,1212,0.06562548787528204
1213,1213,0.9050686684657022
1214,1214,0.08852613700755303
1215,1215,0.46450147486901855
1216,1216,0.2224652925310164
1217,1217,0.7703219622865102
1218,1218,0.2566718964789928
1219,1219,0.0731580875200836
1220,1220,0.0077394465123506485
1221,1221,0.41749488732038914
1222,1222,0.7299572417499837
1223,1223,0.4534497377583455
1224,1224,0.026418568342365896
1225,1225,0.44763385118674837
1226,1226,0.7542475084121619
1227,1227,0.6766688128152549
1228,1228,0.37018521906824
1229,1229,0.9692443331005287
1230,1230,0.007316253214317932
1231,1231,0.608534404810786
1232,1232,0.5695669537289995
1233,1233,0.5550008992875173
1234,1234,0.2356969099541603
1235,1235,0.0033874943270246123
1236,1236,0.9485872231840561
1237,1237,0.6945349430611237
1238,1238,0.7268138960748951
1239,1239,0.007751886345661067
1240,1240,0.13435083284058133
1241,1241,0.029190941460995722
1242,1242,0.010429939259875485
1243,1243,0.6756136677465094
1244,1244,0.005962072262282733
1245,1245,0.06186672364859755
1246,1246,0.3109818637085197
1247,1247,0.047064573040577935
1248,1248,0.026090913763711917
1249,1249,0.08332976686091248
1250,1250,0.04058272989770553
1251,1251,0.3639052785698369
1252,1252,0.0013378328707408951
1253,1253,0.9180403816565287
1254,1254,0.16709784019945845
1255,1255,0.0012236347030087562
1256,1256,0.6666452654828069
1257,1257,0.7573013672939358
1258,1258,0.0025220649976417223
1259,1259,0.3668117722229149
1260,1260,0.713829084878743
1261,1261,0.016607811743978212
1262,1262,0.11736634140491324
1263,1263,0.3481321051805226
1264,1264,0.15940797179296742
1265,1265,0.14904738507509235
1266,1266,0.3729512638163517
1267,1267,0.24425531936372016
1268,1268,0.7629085765220515
1269,1269,0.369895204946775
1270,1270,0.030539134393391336
1271,1271,0.002597561243058664
1272,1272,0.1248043316793066
1273,1273,0.017831919113365555
1274,1274,0.0016726744644604424
1275,1275,0.16405242468271464
1276,1276,0.003675374737342898
1277,1277,0.0006270458103096487
1278,1278,0.09495230614848536
1279,1279,0.228034509330727
1280,1280,0.010293251392696129
1281,1281,0.7398481149846438
1282,1282,0.9669343239275845
1283,1283,0.24701687735191666
1284,1284,0.7101644868004474
1285,1285,0.16487093789855725
1286,1286,0.13807910532480744
1287,1287,0.5244766207916116
1288,1288,0.6343662934935851
1289,1289,0.033413155316112365
1290,1290,0.15021593194520616
1291,1291,0.6649198954114255
1292,1292,0.06664969068935508
1293,1293,0.018393799301444153
1294,1294,0.24227863532322644
1295,1295,0.6292208928371269
1296,1296,0.06629405812243216
1297,1297,0.10518523317418396
1298,1298,0.4236246452805983
1299,1299,0.7229186252019487
1300,1300,0.6658403960499493
1301,1301,0.7116910262264051
1302,1302,0.08826638165778429
1303,1303,0.7452300892796089
1304,1304,0.08682326239277262
1305,1305,0.07034889081980142
1306,1306,0.19481560098049513
1307,1307,0.026507149511068775
1308,1308,0.12488053516749592
1309,1309,0.8280366375401556
1310,1310,0.07590411738386466
1311,1311,0.45780214454004536
1312,1312,0.38649503764221615
1313,1313,0.019625797259240386
1314,1314,0.006942888224410332
1315,1315,0.19290582540325435
1316,1316,0.0051338446214320805
1317,1317,0.4736580901578041
1318,1318,0.03356332925732128
1319,1319,0.004683942906380453
1320,1320,0.06492165710661156
1321,1321,0.006828992585269591
1322,1322,0.5898424894385814
1323,1323,0.40456201782797424
1324,1324,0.11380476168762532
1325,1325,0.45647454216154004
1326,1326,0.7968331469688379
1327,1327,0.0471020240309063
1328,1328,0.6422240589554395
1329,1329,0.5695111226914347
1330,1330,0.6895707884105822
1331,1331,0.39175868159592775
1332,1332,0.15537222934294098
1333,1333,0.09113889201704167
1334,1334,0.009883633037094395
1335,1335,0.5030290127646186
1336,1336,0.02649241153914783
1337,1337,0.7899692827437463
1338,1338,0.005994443035187891
1339,1339,0.6145551232348763
1340,1340,0.013256671866986534
1341,1341,0.19904686910249886
1342,1342,0.024137996682256677
1343,1343,0.15906379685823824
1344,1344,0.009014134191596928
1345,1345,0.10899973673662404
1346,1346,0.0431116049434702
1347,1347,0.008521943155637398
1348,1348,0.8096475391115542
1349,1349,0.007250527022381777
1350,1350,0.018794080241452873
1351,1351,0.018936471403825445
1352,1352,0.0281570445422935
1353,1353,0.4589230164499756
1354,1354,0.15225366691628486
1355,1355,0.7227068243422308
1356,1356,0.037848848750724105
1357,1357,0.5316693877883321
1358,1358,0.005463982704579436
1359,1359,0.14689571617905267
1360,1360,0.09806682484337594
1361,1361,0.1826809158372425
1362,1362,0.6305464683470582
1363,1363,0.009288576839584428
1364,1364,0.097792907215562
1365,1365,0.47062828905428394
1366,1366,0.02356770030473426
1367,1367,0.02814306405259246
1368,1368,0.10909532224417497
1369,1369,0.05661424590094696
1370,1370,0.017803522499200353
1371,1371,0.6825500119409599
1372,1372,0.008388009434392012
1373,1373,0.3012668704617371
1374,1374,0.010239436198445076
1375,1375,0.1375641244712629
1376,1376,0.11073980490321789
1377,1377,0.36664084557371074
1378,1378,0.299671042656677
1379,1379,0.06096951383925815
1380,1380,0.7208436857255333
1381,1381,0.5670600973792149
1382,1382,0.2651172379208549
1383,1383,0.004093800556009689
1384,1384,0.4417842621571216
1385,1385,0.8342105158421964
1386,1386,0.6566562839247339
1387,1387,0.0361732184507411
1388,1388,0.7425454660013983
1389,1389,0.7567236520081905
1390,1390,0.5181180024104469
1391,1391,0.02403512378168849
1392,1392,0.502127519215342
1393,1393,0.22770255376576332
1394,1394,0.005822802106911693
1395,1395,0.5013440342106247
1396,1396,0.10666224454776209
1397,1397,0.008352252679824743
1398,1398,0.491726477599308
1399,1399,0.17060884012925803
1400,1400,0.13336849427613004
1401,1401,0.031021424258656612
1402,1402,0.4090090955368244
1403,1403,0.014043176164001445
1404,1404,0.04768873214537781
1405,1405,0.1385548011678439
1406,1406,0.3229406052722737
1407,1407,0.5879603137777217
1408,1408,0.06711645951481231
1409,1409,0.0015511560045150012
1410,1410,0.01758155807521327
1411,1411,0.003721778829500572
1412,1412,0.35150610765818924
1413,1413,0.7867704843147286
1414,1414,0.020711930947772985
1415,1415,0.01597072998587488
1416,1416,0.10465529730981231
1417,1417,0.00591584815027186
1418,1418,0.07917934806150695
1419,1419,0.4579422122166548
1420,1420,0.0363984374926173
1421,1421,0.002624180646355502
1422,1422,0.01536611780342494
1423,1423,0.007031530682713561
1424,1424,0.07203988487614679
1425,1425,0.011339123484761678
1426,1426,0.046201565612405376
1427,1427,0.1569360823464226
1428,1428,0.7742797673375897
1429,1429,0.21957599500994154
1430,1430,0.12465338589969721
1431,1431,0.2977460095179466
1432,1432,0.19808628077526405
1433,1433,0.010202810869622752
1434,1434,0.7485056051106823
1435,1435,0.25970912793840917
1436,1436,0.20433889148522244
1437,1437,0.0698444809399851
1438,1438,0.579030822305227
1439,1439,0.32212055343428725
1440,1440,0.34416459491834905
1441,1441,0.47391828889589677
1442,1442,0.0759594676111493
1443,1443,0.6304035326752283
1444,1444,0.13333790761276254
1445,1445,0.1707402929915968
1446,1446,0.13911008200668057
1447,1447,0.20443634456696705
1448,1448,0.08301800380406216
1449,1449,0.9155873021472372
1450,1450,0.03867607347822666
1451,1451,0.771171221901445
1452,1452,0.5651440233411423
1453,1453,0.006840731225530399
1454,1454,0.26313099998353406
1455,1455,0.05119902231616425
1456,1456,0.048916638444453604
1457,1457,0.19083964882083393
1458,1458,0.45457468931798334
1459,1459,0.8577566853111991
1460,1460,0.7631664700620885
1461,1461,0.0038131369219640016
1462,1462,0.0065122881495657025
1463,1463,0.33303998820144876
1464,1464,0.39114398296849
1465,1465,0.5968662030449701
1466,1466,0.021291343493611815
1467,1467,0.012151714729779769
1468,1468,0.007767899753639965
1469,1469,0.31012917984377525
1470,1470,0.21133079632912044
1471,1471,0.03376801526932403
1472,1472,0.5494920343848589
1473,1473,0.4270309525542726
1474,1474,0.4055686836335873
1475,1475,0.9064840224853594
1476,1476,0.02539873830336334
1477,1477,0.006595475877865393
1478,1478,0.25676867979357443
1479,1479,0.12171946461937873
1480,1480,0.0067251033500257025
1481,1481,0.6704471679602172
1482,1482,0.003178556700417396
1483,1483,0.11998837686536067
1484,1484,0.17338041549676686
1485,1485,0.2763885805071643
1486,1486,0.021643746384210624
1487,1487,0.03492665709285029
1488,1488,0.18372119035400994
1489,1489,0.07475362039388385
1490,1490,0.5476458366076237
1491,1491,0.003586041639477202
1492,1492,0.0019009466328035517
1493,1493,0.10525501610428728
1494,1494,0.6547277252678081
1495,1495,0.32958193882540476
1496,1496,0.2584406945245632
1497,1497,0.2490341979148622
1498,1498,0.22291703963986248
1499,1499,0.17836054217099467
1500,1500,0.009015461441731501
1501,1501,0.0462354230574148
1502,1502,0.0029772837302757906
1503,1503,0.16379511992246035
1504,1504,0.984972121382509
1505,1505,0.47624870039569867
1506,1506,0.7331511254641174
1507,1507,0.22096636203901573
1508,1508,0.7139024964908013
1509,1509,0.5632344304793984
1510,1510,0.028516613028557174
1511,1511,0.007695977063078418
1512,1512,0.11653250767569641
1513,1513,0.3043189936126802
1514,1514,0.0030166418056688806
1515,1515,0.5644948709085782
1516,1516,0.06843815031747676
1517,1517,0.4442994653076805
1518,1518,0.44834577565148725
1519,1519,0.07703726800973566
1520,1520,0.00814058646094996
1521,1521,0.13541669028368855
1522,1522,0.006702444783723671
1523,1523,0.24696716019936063
1524,1524,0.012920782286471443
1525,1525,0.5043377917876736
1526,1526,0.061945528853105815
1527,1527,0.8060306628201125
1528,1528,0.09361446642840296
1529,1529,0.6423994324339473
1530,1530,0.1450635895660984
1531,1531,0.11404106739588099
1532,1532,0.003573628222946058
1533,1533,0.05371966283371257
1534,1534,0.03846952630136644
1535,1535,0.1350307067389102
1536,1536,0.0439632503769288
1537,1537,0.28258812681295004
1538,1538,0.003209770647832938
1539,1539,0.536795184195077
1540,1540,0.021070694260202034
1541,1541,0.6539545307700249
1542,1542,0.33003744327834744
1543,1543,0.002122336304502271
1544,1544,0.03493630035402755
1545,1545,0.5425115022885633
1546,1546,0.09056463560511567
1547,1547,0.49504302470175543
1548,1548,0.4967672277644632
1549,1549,0.0635967949753148
1550,1550,0.9106257668539581
1551,1551,0.7681123342244414
1552,1552,0.372317002710224
1553,1553,0.005987337524613625
1554,1554,0.0031402223879921547
1555,1555,0.0658276235410046
1556,1556,0.2158767444922312
1557,1557,0.47932431055259295
1558,1558,0.019258592879415688
1559,1559,0.009843735672620554
1560,1560,0.4299348373696295
1561,1561,0.005775398868564376
1562,1562,0.018513586919409453
1563,1563,0.4606962844019115
1564,1564,0.04306285059155325
1565,1565,0.13505727815563348
1566,1566,0.027314361475854875
1567,1567,0.03915179804866311
1568,1568,0.8711111968898321
1569,1569,0.007285226410441951
1570,1570,0.26653076191212915
1571,1571,0.15875004703167173
1572,1572,0.16330069224540317
1573,1573,0.011445895666324844
1574,1574,0.3988576575012658
1575,1575,0.8995567252810743
1576,1576,0.025536197249468803
1577,1577,0.02243491505115119
1578,1578,0.34657998521031763
1579,1579,0.33372950186316724
1580,1580,0.8561578966846816
1581,1581,0.04720987721601638
1582,1582,0.3442693113023514
1583,1583,0.014301957869784906
1584,1584,0.4451272291463646
1585,1585,0.38959549865648585
1586,1586,0.016764885175216047
1587,1587,0.06131800014589561
1588,1588,0.003988872866741835
1589,1589,0.4218017072005197
1590,1590,0.23688511551229782
1591,1591,0.24306985094606615
1592,1592,0.900671988559235
1593,1593,0.08171647607359009
1594,1594,0.001959245807316457
1595,1595,0.3020508088227187
1596,1596,0.19765426252167467
1597,1597,0.04192353257029199
1598,1598,0.0502564021717252
1599,1599,0.4471755686835009
1600,1600,0.5792230456823839
1601,1601,0.33225386457850414
1602,1602,0.6121210174260824
1603,1603,0.5580307812547431
1604,1604,0.01099760034320863
1605,1605,0.18754966052640937
1606,1606,0.06754834533147454
1607,1607,0.13124906252034743
1608,1608,0.013876440848707221
1609,1609,0.6820449123351003
1610,1610,0.03811117569433797
1611,1611,0.21956359862210556
1612,1612,0.9641556110688861
1613,1613,0.13802328990594093
1614,1614,0.4571667528349015
1615,1615,0.14169039166101127
1616,1616,0.32372663161657833
1617,1617,0.08560650542821947
1618,1618,0.261404277051647
1619,1619,0.4864807699957712
1620,1620,0.009239350294883096
1621,1621,0.2028288243247358
1622,1622,0.07924994401632397
1623,1623,0.37535122467087684
1624,1624,0.02226397839357903
1625,1625,0.04206494513476688
1626,1626,0.0019799908444236352
1627,1627,0.060538090839598754
1628,1628,0.4910949821450306
1629,1629,0.2965450165696866
1630,1630,0.11768771079765815
1631,1631,0.026735537180870548
1632,1632,0.22092268903229184
1633,1633,0.16167947225072404
1634,1634,0.11519790672173708
1635,1635,0.006437227187795322
1636,1636,0.006886369875934516
1637,1637,0.9738463028396173
1638,1638,0.5870354304143766
1639,1639,0.4732508030829201
1640,1640,0.5209299331898699
1641,1641,0.2023694708809777
1642,1642,0.011124885148934
1643,1643,0.11279273032208023
1644,1644,0.25923315905783556
1645,1645,0.22442875743715232
1646,1646,0.018163143858681362
1647,1647,0.38950805136495675
1648,1648,0.1027293254517962
1649,1649,0.4717374353081586
1650,1650,0.029369363877166706
1651,1651,0.33280377719845095
1652,1652,0.15998831437279384
1653,1653,0.8464400841027498
1654,1654,0.008855479564926397
1655,1655,0.2535740793793897
1656,1656,0.02294419721345932
1657,1657,0.03819910734467942
1658,1658,0.01007765435164041
1659,1659,0.48116336328705583
1660,1660,0.3295478114234894
1661,1661,0.00391731991392163
1662,1662,0.011324756157797135
1663,1663,0.33729361088628157
1664,1664,0.21949930943593016
1665,1665,0.8882683538289156
1666,1666,0.14632028228124586
1667,1667,0.11739305530460062
1668,1668,0.03415145941135269
1669,1669,0.05252863920016821
1670,1670,0.8329873292231217
1671,1671,0.5028431754023343
1672,1672,0.09192947723099962
1673,1673,0.14597668810766526
1674,1674,0.026022933278442267
1675,1675,0.28564912028911477
1676,1676,0.5937796708874816
1677,1677,0.00751439513472272
1678,1678,0.5572785198450142
1679,1679,0.1912374059805248
1680,1680,0.10552307674962029
1681,1681,0.008777775808167406
1682,1682,0.49739220599537143
1683,1683,0.22429218874544837
1684,1684,0.4423058252682794
1685,1685,0.005265308778820925
1686,1686,0.5635227120621549
1687,1687,0.2613881228651828
1688,1688,0.2667028517871352
1689,1689,0.021577510376946742
1690,1690,0.013207632172362033
1691,1691,0.3078385052177866
1692,1692,0.10611686100598156
1693,1693,0.3006498807075448
1694,1694,0.07207229622459475
1695,1695,0.16461476537909822
1696,1696,0.5385740574895702
1697,1697,0.464678413615894
1698,1698,0.06302258129344851
1699,1699,0.06136284501259414
1700,1700,0.005035397058893361
1701,1701,0.07468757205960487
1702,1702,0.027193123781584935
1703,1703,0.029794253040431685
1704,1704,0.6891877727848658
1705,1705,0.12434231932953389
1706,1706,0.4356487536212135
1707,1707,0.20689553889164414
1708,1708,0.7583375131938204
1709,1709,0.5108922114438137
1710,1710,0.00989769498673056
1711,1711,0.3984630895408582
1712,1712,0.006425896352839068
1713,1713,0.4727498055342418
1714,1714,0.07983417204023611
1715,1715,0.012883397983865712
1716,1716,0.3750932121099886
1717,1717,0.009506764245762694
1718,1718,0.009789026496963879
1719,1719,0.2949526363475204
1720,1720,0.0013885680714209524
1721,1721,0.5827043474138687
1722,1722,0.42465289376065324
1723,1723,0.014311377849573674
1724,1724,0.8068378167153064
1725,1725,0.3962058914447135
1726,1726,0.3898516773766444
1727,1727,0.07634742930777405
1728,1728,0.013939447514983582
1729,1729,0.8827393313127029
1730,1730,0.5930020768941662
1731,1731,0.47379306352679107
1732,1732,0.27809412094827113
1733,1733,0.09737442987364026
1734,1734,0.31143485432836787
1735,1735,0.4476947778373568
1736,1736,0.09645084242288118
1737,1737,0.7412148886542725
1738,1738,0.012004132428146186
1739,1739,0.008236203180761167
1740,1740,0.4732101121567071
1741,1741,0.26716370059598765
1742,1742,0.0020009456764939586
1743,1743,0.13304026503615127
1744,1744,0.009618796661952925
1745,1745,0.005500509942631188
1746,1746,0.34958659247814694
1747,1747,0.00960101832334236
1748,1748,0.07820746859768889
1749,1749,0.002381749920370691
1750,1750,0.22797280788060306
1751,1751,0.6066092216906782
1752,1752,0.26872488072841466
1753,1753,0.7617826474507466
1754,1754,0.015011798398512929
1755,1755,0.09927470776186435
1756,1756,0.1149832455560634
1757,1757,0.010411049020327039
1758,1758,0.9535732140185383
1759,1759,0.6021974556663668
1760,1760,0.003927141018129067
